stim_id,audio_file,tece,instrument,melody,discrimination,difficulty,temotion,temotion,emotion_i18,answer,inattention,guessing
1,stim-1.mp3,53,1,1,3.069729263,-0.438688226,5,most tender,TENDER,1,0.04,0.51
2,stim-2.mp3,53,1,1,3.069729263,-0.438688226,5,most tender,TENDER,1,0.04,0.51
3,stim-3.mp3,53,1,1,3.069729263,-0.438688226,5,most tender,TENDER,1,0.04,0.51
4,stim-4.mp3,53,1,1,3.069729263,-0.438688226,3,happiest,HAPPY,2,0.04,0.51
5,stim-5.mp3,53,1,1,3.069729263,-0.438688226,5,most tender,TENDER,1,0.04,0.51
6,stim-6.mp3,35,1,1,3.069729263,-0.368389038,3,happiest,HAPPY,2,0.04,0.51
7,stim-7.mp3,35,1,1,3.069729263,-0.368389038,5,most tender,TENDER,1,0.04,0.51
8,stim-8.mp3,53,2,1,3.069729263,-0.703896522,5,most tender,TENDER,2,0.04,0.51
9,stim-9.mp3,53,2,1,3.069729263,-0.703896522,3,happiest,HAPPY,1,0.04,0.51
10,stim-10.mp3,53,2,1,3.069729263,-0.703896522,3,happiest,HAPPY,1,0.04,0.51
11,stim-11.mp3,35,2,1,3.069729263,-0.634038296,5,most tender,TENDER,2,0.04,0.51
12,stim-12.mp3,35,2,1,3.069729263,-0.634038296,5,most tender,TENDER,2,0.04,0.51
13,stim-13.mp3,35,2,1,3.069729263,-0.634038296,5,most tender,TENDER,2,0.04,0.51
14,stim-14.mp3,35,2,1,3.069729263,-0.634038296,3,happiest,HAPPY,1,0.04,0.51
15,stim-15.mp3,35,2,1,3.069729263,-0.634038296,5,most tender,TENDER,1,0.04,0.51
16,stim-16.mp3,25,3,1,3.069729263,0.021146675,3,happiest,HAPPY,2,0.04,0.51
17,stim-17.mp3,32,3,1,3.069729263,0.325634219,3,happiest,HAPPY,2,0.04,0.51
18,stim-18.mp3,52,3,1,3.069729263,0.295141775,5,most tender,TENDER,1,0.04,0.51
19,stim-19.mp3,32,3,1,3.069729263,0.325634219,5,most tender,TENDER,1,0.04,0.51
20,stim-20.mp3,32,3,1,3.069729263,0.325634219,3,happiest,HAPPY,2,0.04,0.51
21,stim-21.mp3,32,3,1,3.069729263,0.325634219,3,happiest,HAPPY,2,0.04,0.51
22,stim-22.mp3,32,3,1,3.069729263,0.325634219,3,happiest,HAPPY,1,0.04,0.51
23,stim-23.mp3,32,3,1,3.069729263,0.325634219,5,most tender,TENDER,2,0.04,0.51
24,stim-24.mp3,35,3,1,3.069729263,-0.689199758,3,happiest,HAPPY,1,0.04,0.51
25,stim-25.mp3,32,3,1,3.069729263,0.325634219,5,most tender,TENDER,2,0.04,0.51
26,stim-26.mp3,35,3,1,3.069729263,-0.689199758,3,happiest,HAPPY,1,0.04,0.51
27,stim-27.mp3,53,3,1,3.069729263,-0.758723765,5,most tender,TENDER,2,0.04,0.51
28,stim-28.mp3,32,3,1,3.069729263,0.325634219,3,happiest,HAPPY,1,0.04,0.51
29,stim-29.mp3,25,3,1,3.069729263,0.021146675,2,fearful,FEAR,2,0.04,0.51
30,stim-30.mp3,25,3,1,3.069729263,0.021146675,2,fearful,FEAR,2,0.04,0.51
31,stim-31.mp3,35,3,1,3.069729263,-0.689199758,3,happiest,HAPPY,1,0.04,0.51
32,stim-32.mp3,13,4,1,3.069729263,-0.521243082,5,most tender,TENDER,1,0.04,0.51
33,stim-33.mp3,14,4,1,3.069729263,-1.244223428,3,happiest,HAPPY,1,0.04,0.51
34,stim-34.mp3,15,4,1,3.069729263,-0.9780459,5,most tender,TENDER,1,0.04,0.51
35,stim-35.mp3,14,4,1,3.069729263,-1.244223428,3,happiest,HAPPY,1,0.04,0.51
36,stim-36.mp3,15,4,1,3.069729263,-0.9780459,5,most tender,TENDER,1,0.04,0.51
37,stim-37.mp3,15,4,1,3.069729263,-0.9780459,3,happiest,HAPPY,1,0.04,0.51
38,stim-38.mp3,41,4,1,3.069729263,-1.310267301,5,most tender,TENDER,1,0.04,0.51
39,stim-39.mp3,51,4,1,3.069729263,-1.102256709,2,fearful,FEAR,2,0.04,0.51
40,stim-40.mp3,31,4,1,3.069729263,-0.580778708,2,fearful,FEAR,2,0.04,0.51
41,stim-41.mp3,41,4,1,3.069729263,-1.310267301,3,happiest,HAPPY,1,0.04,0.51
42,stim-42.mp3,15,4,1,3.069729263,-0.9780459,5,most tender,TENDER,1,0.04,0.51
43,stim-43.mp3,31,4,1,3.069729263,-0.580778708,3,happiest,HAPPY,2,0.04,0.51
44,stim-44.mp3,34,4,1,3.069729263,-1.191052349,3,happiest,HAPPY,2,0.04,0.51
45,stim-45.mp3,34,4,1,3.069729263,-1.191052349,2,fearful,FEAR,1,0.04,0.51
46,stim-46.mp3,31,4,1,3.069729263,-0.580778708,5,most tender,TENDER,1,0.04,0.51
47,stim-47.mp3,34,4,1,3.069729263,-1.191052349,3,happiest,HAPPY,2,0.04,0.51
48,stim-48.mp3,31,4,1,3.069729263,-0.580778708,3,happiest,HAPPY,2,0.04,0.51
49,stim-49.mp3,34,4,1,3.069729263,-1.191052349,3,happiest,HAPPY,2,0.04,0.51
50,stim-50.mp3,34,4,1,3.069729263,-1.191052349,3,happiest,HAPPY,2,0.04,0.51
51,stim-51.mp3,35,4,1,3.069729263,-1.121629966,3,happiest,HAPPY,2,0.04,0.51
52,stim-52.mp3,41,4,1,3.069729263,-1.310267301,3,happiest,HAPPY,2,0.04,0.51
53,stim-53.mp3,43,4,1,3.069729263,-0.98562558,2,fearful,FEAR,1,0.04,0.51
54,stim-54.mp3,41,4,1,3.069729263,-1.310267301,5,most tender,TENDER,1,0.04,0.51
55,stim-55.mp3,41,4,1,3.069729263,-1.310267301,3,happiest,HAPPY,2,0.04,0.51
56,stim-56.mp3,34,4,1,3.069729263,-1.191052349,3,happiest,HAPPY,2,0.04,0.51
57,stim-57.mp3,41,4,1,3.069729263,-1.310267301,2,fearful,FEAR,1,0.04,0.51
58,stim-58.mp3,41,4,1,3.069729263,-1.310267301,3,happiest,HAPPY,1,0.04,0.51
59,stim-59.mp3,43,4,1,3.069729263,-0.98562558,2,fearful,FEAR,1,0.04,0.51
60,stim-60.mp3,15,4,1,3.069729263,-0.9780459,3,happiest,HAPPY,1,0.04,0.51
61,stim-61.mp3,35,4,1,3.069729263,-1.121629966,2,fearful,FEAR,1,0.04,0.51
62,stim-62.mp3,15,4,1,3.069729263,-0.9780459,3,happiest,HAPPY,1,0.04,0.51
63,stim-63.mp3,35,4,1,3.069729263,-1.121629966,5,most tender,TENDER,2,0.04,0.51
64,stim-64.mp3,53,1,2,3.069729263,-0.567422195,5,most tender,TENDER,2,0.04,0.51
65,stim-65.mp3,35,1,2,3.069729263,-0.496817238,2,fearful,FEAR,1,0.04,0.51
66,stim-66.mp3,53,1,2,3.069729263,-0.567422195,3,happiest,HAPPY,1,0.04,0.51
67,stim-67.mp3,35,1,2,3.069729263,-0.496817238,2,fearful,FEAR,1,0.04,0.51
68,stim-68.mp3,53,1,2,3.069729263,-0.567422195,3,happiest,HAPPY,1,0.04,0.51
69,stim-69.mp3,53,1,2,3.069729263,-0.567422195,5,most tender,TENDER,2,0.04,0.51
70,stim-70.mp3,53,1,2,3.069729263,-0.567422195,5,most tender,TENDER,2,0.04,0.51
71,stim-71.mp3,35,1,2,3.069729263,-0.496817238,1,angriest,ANGER,2,0.04,0.51
72,stim-72.mp3,15,2,2,3.069729263,-0.617583215,1,angriest,ANGER,2,0.04,0.51
73,stim-73.mp3,51,2,2,3.069729263,-0.739901132,1,angriest,ANGER,2,0.04,0.51
74,stim-74.mp3,15,2,2,3.069729263,-0.617583215,1,angriest,ANGER,2,0.04,0.51
75,stim-75.mp3,53,2,2,3.069729263,-0.834025989,1,angriest,ANGER,2,0.04,0.51
76,stim-76.mp3,35,2,2,3.069729263,-0.763749292,1,angriest,ANGER,2,0.04,0.51
77,stim-77.mp3,53,2,2,3.069729263,-0.834025989,1,angriest,ANGER,2,0.04,0.51
78,stim-78.mp3,35,2,2,3.069729263,-0.763749292,1,angriest,ANGER,2,0.04,0.51
79,stim-79.mp3,51,2,2,3.069729263,-0.739901132,1,angriest,ANGER,2,0.04,0.51
80,stim-80.mp3,35,2,2,3.069729263,-0.763749292,3,happiest,HAPPY,1,0.04,0.51
81,stim-81.mp3,35,2,2,3.069729263,-0.763749292,4,saddest,SAD,1,0.04,0.51
82,stim-82.mp3,35,2,2,3.069729263,-0.763749292,5,most tender,TENDER,1,0.04,0.51
83,stim-83.mp3,35,2,2,3.069729263,-0.763749292,3,happiest,HAPPY,1,0.04,0.51
84,stim-84.mp3,35,2,2,3.069729263,-0.763749292,4,saddest,SAD,1,0.04,0.51
85,stim-85.mp3,51,2,2,3.069729263,-0.739901132,5,most tender,TENDER,1,0.04,0.51
86,stim-86.mp3,53,3,2,3.069729263,-0.888123693,3,happiest,HAPPY,1,0.04,0.51
87,stim-87.mp3,53,3,2,3.069729263,-0.888123693,4,saddest,SAD,1,0.04,0.51
88,stim-88.mp3,35,3,2,3.069729263,-0.818232436,5,most tender,TENDER,1,0.04,0.51
89,stim-89.mp3,53,3,2,3.069729263,-0.888123693,1,angriest,ANGER,2,0.04,0.51
90,stim-90.mp3,35,3,2,3.069729263,-0.818232436,1,angriest,ANGER,2,0.04,0.51
91,stim-91.mp3,35,3,2,3.069729263,-0.818232436,1,angriest,ANGER,2,0.04,0.51
92,stim-92.mp3,53,3,2,3.069729263,-0.888123693,3,happiest,HAPPY,2,0.04,0.51
93,stim-93.mp3,31,4,2,3.069729263,-0.709798427,3,happiest,HAPPY,2,0.04,0.51
94,stim-94.mp3,41,4,2,3.069729263,-1.437990925,3,happiest,HAPPY,2,0.04,0.51
95,stim-95.mp3,51,4,2,3.069729263,-1.231052017,3,happiest,HAPPY,2,0.04,0.51
96,stim-96.mp3,13,4,2,3.069729263,-0.650557585,3,happiest,HAPPY,2,0.04,0.51
97,stim-97.mp3,14,4,2,3.069729263,-1.371927233,3,happiest,HAPPY,2,0.04,0.51
98,stim-98.mp3,31,4,2,3.069729263,-0.709798427,1,angriest,ANGER,1,0.04,0.51
99,stim-99.mp3,41,4,2,3.069729263,-1.437990925,4,saddest,SAD,1,0.04,0.51
100,stim-100.mp3,51,4,2,3.069729263,-1.231052017,5,most tender,TENDER,1,0.04,0.51
101,stim-101.mp3,13,4,2,3.069729263,-0.650557585,3,happiest,HAPPY,2,0.04,0.51
102,stim-102.mp3,15,4,2,3.069729263,-1.107003792,3,happiest,HAPPY,2,0.04,0.51
103,stim-103.mp3,41,4,2,3.069729263,-1.437990925,3,happiest,HAPPY,2,0.04,0.51
104,stim-104.mp3,51,4,2,3.069729263,-1.231052017,1,angriest,ANGER,1,0.04,0.51
105,stim-105.mp3,13,4,2,3.069729263,-0.650557585,4,saddest,SAD,1,0.04,0.51
106,stim-106.mp3,31,4,2,3.069729263,-0.709798427,5,most tender,TENDER,1,0.04,0.51
107,stim-107.mp3,34,4,2,3.069729263,-1.318492136,3,happiest,HAPPY,2,0.04,0.51
108,stim-108.mp3,31,4,2,3.069729263,-0.709798427,3,happiest,HAPPY,2,0.04,0.51
109,stim-109.mp3,34,4,2,3.069729263,-1.318492136,3,happiest,HAPPY,2,0.04,0.51
110,stim-110.mp3,34,4,2,3.069729263,-1.318492136,3,happiest,HAPPY,2,0.04,0.51
111,stim-111.mp3,13,4,2,3.069729263,-0.650557585,3,happiest,HAPPY,2,0.04,0.51
112,stim-112.mp3,43,4,2,3.069729263,-1.113450994,3,happiest,HAPPY,2,0.04,0.51
113,stim-113.mp3,13,4,2,3.069729263,-0.650557585,4,saddest,SAD,2,0.04,0.51
114,stim-114.mp3,43,4,2,3.069729263,-1.113450994,4,saddest,SAD,2,0.04,0.51
115,stim-115.mp3,53,4,2,3.069729263,-1.321242138,4,saddest,SAD,2,0.04,0.51
116,stim-116.mp3,13,4,2,3.069729263,-0.650557585,4,saddest,SAD,2,0.04,0.51
117,stim-117.mp3,31,4,2,3.069729263,-0.709798427,4,saddest,SAD,2,0.04,0.51
118,stim-118.mp3,34,4,2,3.069729263,-1.318492136,4,saddest,SAD,2,0.04,0.51
119,stim-119.mp3,35,4,2,3.069729263,-1.248921547,4,saddest,SAD,2,0.04,0.51
120,stim-120.mp3,45,4,2,3.069729263,0.337455547,4,saddest,SAD,2,0.04,0.51
121,stim-121.mp3,41,4,2,3.069729263,-1.437990925,4,saddest,SAD,2,0.04,0.51
122,stim-122.mp3,43,4,2,3.069729263,-1.113450994,4,saddest,SAD,2,0.04,0.51
123,stim-123.mp3,45,4,2,3.069729263,0.337455547,4,saddest,SAD,2,0.04,0.51
124,stim-124.mp3,41,4,2,3.069729263,-1.437990925,4,saddest,SAD,2,0.04,0.51
125,stim-125.mp3,43,4,2,3.069729263,-1.113450994,1,angriest,ANGER,1,0.04,0.51
126,stim-126.mp3,43,4,2,3.069729263,-1.113450994,3,happiest,HAPPY,1,0.04,0.51
127,stim-127.mp3,14,4,2,3.069729263,-1.371927233,5,most tender,TENDER,1,0.04,0.51
128,stim-128.mp3,34,4,2,3.069729263,-1.318492136,4,saddest,SAD,2,0.04,0.51
129,stim-129.mp3,54,4,2,3.069729263,0.296516218,4,saddest,SAD,2,0.04,0.51
130,stim-130.mp3,14,4,2,3.069729263,-1.371927233,4,saddest,SAD,2,0.04,0.51
131,stim-131.mp3,45,4,2,3.069729263,0.337455547,4,saddest,SAD,2,0.04,0.51
132,stim-132.mp3,51,4,2,3.069729263,-1.231052017,4,saddest,SAD,2,0.04,0.51
133,stim-133.mp3,54,4,2,3.069729263,0.296516218,4,saddest,SAD,2,0.04,0.51
134,stim-134.mp3,15,4,2,3.069729263,-1.107003792,1,angriest,ANGER,1,0.04,0.51
135,stim-135.mp3,15,4,2,3.069729263,-1.107003792,3,happiest,HAPPY,1,0.04,0.51
136,stim-136.mp3,35,4,2,3.069729263,-1.248921547,4,saddest,SAD,1,0.04,0.51
137,stim-137.mp3,51,4,2,3.069729263,-1.231052017,1,angriest,ANGER,1,0.04,0.51
138,stim-138.mp3,53,4,2,3.069729263,-1.321242138,3,happiest,HAPPY,1,0.04,0.51
139,stim-139.mp3,54,4,2,3.069729263,0.296516218,4,saddest,SAD,1,0.04,0.51
140,stim-140.mp3,51,4,2,3.069729263,-1.231052017,1,angriest,ANGER,1,0.04,0.51
141,stim-141.mp3,53,4,2,3.069729263,-1.321242138,3,happiest,HAPPY,1,0.04,0.51
142,stim-142.mp3,31,2,3,3.069729263,0.737442931,4,saddest,SAD,1,0.04,0.51
143,stim-143.mp3,14,2,3,3.069729263,0.075277593,5,most tender,TENDER,2,0.04,0.51
144,stim-144.mp3,31,2,3,3.069729263,0.737442931,5,most tender,TENDER,2,0.04,0.51
145,stim-145.mp3,14,2,3,3.069729263,0.075277593,5,most tender,TENDER,2,0.04,0.51
146,stim-146.mp3,14,2,3,3.069729263,0.075277593,1,angriest,ANGER,1,0.04,0.51
147,stim-147.mp3,31,2,3,3.069729263,0.737442931,3,happiest,HAPPY,1,0.04,0.51
148,stim-148.mp3,41,2,3,3.069729263,0.009672842,4,saddest,SAD,1,0.04,0.51
149,stim-149.mp3,43,2,3,3.069729263,0.331862648,1,angriest,ANGER,1,0.04,0.51
150,stim-150.mp3,34,2,3,3.069729263,0.125413863,3,happiest,HAPPY,1,0.04,0.51
151,stim-151.mp3,43,2,3,3.069729263,0.331862648,4,saddest,SAD,1,0.04,0.51
152,stim-152.mp3,43,2,3,3.069729263,0.331862648,5,most tender,TENDER,2,0.04,0.51
153,stim-153.mp3,31,2,3,3.069729263,0.737442931,5,most tender,TENDER,2,0.04,0.51
154,stim-154.mp3,31,2,3,3.069729263,0.737442931,5,most tender,TENDER,2,0.04,0.51
155,stim-155.mp3,34,2,3,3.069729263,0.125413863,3,happiest,HAPPY,2,0.04,0.51
156,stim-156.mp3,31,2,3,3.069729263,0.737442931,5,most tender,TENDER,1,0.04,0.51
157,stim-157.mp3,31,2,3,3.069729263,0.737442931,3,happiest,HAPPY,2,0.04,0.51
158,stim-158.mp3,43,2,3,3.069729263,0.331862648,5,most tender,TENDER,1,0.04,0.51
159,stim-159.mp3,41,2,3,3.069729263,0.009672842,3,happiest,HAPPY,2,0.04,0.51
160,stim-160.mp3,41,2,3,3.069729263,0.009672842,3,happiest,HAPPY,2,0.04,0.51
161,stim-161.mp3,14,2,3,3.069729263,0.075277593,3,happiest,HAPPY,2,0.04,0.51
162,stim-162.mp3,41,2,3,3.069729263,0.009672842,5,most tender,TENDER,1,0.04,0.51
163,stim-163.mp3,43,2,3,3.069729263,0.331862648,3,happiest,HAPPY,1,0.04,0.51
164,stim-164.mp3,34,2,3,3.069729263,0.125413863,3,happiest,HAPPY,1,0.04,0.51
165,stim-165.mp3,34,2,3,3.069729263,0.125413863,5,most tender,TENDER,2,0.04,0.51
166,stim-166.mp3,14,3,3,3.069729263,0.020345125,5,most tender,TENDER,2,0.04,0.51
167,stim-167.mp3,15,3,3,3.069729263,0.286283632,5,most tender,TENDER,2,0.04,0.51
168,stim-168.mp3,14,3,3,3.069729263,0.020345125,3,happiest,HAPPY,1,0.04,0.51
169,stim-169.mp3,15,3,3,3.069729263,0.286283632,3,happiest,HAPPY,1,0.04,0.51
170,stim-170.mp3,41,3,3,3.069729263,-0.045169494,3,happiest,HAPPY,1,0.04,0.51
171,stim-171.mp3,51,3,3,3.069729263,0.161403455,1,angriest,ANGER,2,0.04,0.51
172,stim-172.mp3,14,3,3,3.069729263,0.020345125,1,angriest,ANGER,2,0.04,0.51
173,stim-173.mp3,51,3,3,3.069729263,0.161403455,1,angriest,ANGER,2,0.04,0.51
174,stim-174.mp3,41,3,3,3.069729263,-0.045169494,1,angriest,ANGER,2,0.04,0.51
175,stim-175.mp3,14,3,3,3.069729263,0.020345125,3,happiest,HAPPY,1,0.04,0.51
176,stim-176.mp3,15,3,3,3.069729263,0.286283632,5,most tender,TENDER,1,0.04,0.51
177,stim-177.mp3,14,3,3,3.069729263,0.020345125,1,angriest,ANGER,2,0.04,0.51
178,stim-178.mp3,15,3,3,3.069729263,0.286283632,1,angriest,ANGER,2,0.04,0.51
179,stim-179.mp3,14,3,3,3.069729263,0.020345125,1,angriest,ANGER,2,0.04,0.51
180,stim-180.mp3,54,3,3,3.069729263,1.671637415,1,angriest,ANGER,2,0.04,0.51
181,stim-181.mp3,45,3,3,3.069729263,1.716526204,1,angriest,ANGER,2,0.04,0.51
182,stim-182.mp3,14,3,3,3.069729263,0.020345125,1,angriest,ANGER,2,0.04,0.51
183,stim-183.mp3,41,3,3,3.069729263,-0.045169494,1,angriest,ANGER,2,0.04,0.51
184,stim-184.mp3,14,3,3,3.069729263,0.020345125,1,angriest,ANGER,2,0.04,0.51
185,stim-185.mp3,45,3,3,3.069729263,1.716526204,3,happiest,HAPPY,1,0.04,0.51
186,stim-186.mp3,54,3,3,3.069729263,1.671637415,5,most tender,TENDER,1,0.04,0.51
187,stim-187.mp3,14,3,3,3.069729263,0.020345125,1,angriest,ANGER,1,0.04,0.51
188,stim-188.mp3,54,3,3,3.069729263,1.671637415,5,most tender,TENDER,1,0.04,0.51
189,stim-189.mp3,54,3,3,3.069729263,1.671637415,1,angriest,ANGER,1,0.04,0.51
190,stim-190.mp3,54,3,3,3.069729263,1.671637415,5,most tender,TENDER,1,0.04,0.51
191,stim-191.mp3,45,3,3,3.069729263,1.716526204,3,happiest,HAPPY,2,0.04,0.51
192,stim-192.mp3,13,4,3,3.069729263,0.302906572,3,happiest,HAPPY,2,0.04,0.51
193,stim-193.mp3,15,4,3,3.069729263,-0.151213163,3,happiest,HAPPY,2,0.04,0.51
194,stim-194.mp3,31,4,3,3.069729263,0.245595331,3,happiest,HAPPY,2,0.04,0.51
195,stim-195.mp3,41,4,3,3.069729263,-0.483015966,3,happiest,HAPPY,2,0.04,0.51
196,stim-196.mp3,51,4,3,3.069729263,-0.27506986,3,happiest,HAPPY,2,0.04,0.51
197,stim-197.mp3,14,4,3,3.069729263,-0.417502787,1,angriest,ANGER,1,0.04,0.51
198,stim-198.mp3,15,4,3,3.069729263,-0.151213163,5,most tender,TENDER,1,0.04,0.51
199,stim-199.mp3,14,4,3,3.069729263,-0.417502787,1,angriest,ANGER,1,0.04,0.51
200,stim-200.mp3,15,4,3,3.069729263,-0.151213163,5,most tender,TENDER,1,0.04,0.51
201,stim-201.mp3,14,4,3,3.069729263,-0.417502787,3,happiest,HAPPY,2,0.04,0.51
202,stim-202.mp3,41,4,3,3.069729263,-0.483015966,3,happiest,HAPPY,2,0.04,0.51
203,stim-203.mp3,51,4,3,3.069729263,-0.27506986,5,most tender,TENDER,2,0.04,0.51
204,stim-204.mp3,51,4,3,3.069729263,-0.27506986,5,most tender,TENDER,2,0.04,0.51
205,stim-205.mp3,31,4,3,3.069729263,0.245595331,1,angriest,ANGER,1,0.04,0.51
206,stim-206.mp3,51,4,3,3.069729263,-0.27506986,3,happiest,HAPPY,1,0.04,0.51
207,stim-207.mp3,43,4,3,3.069729263,-0.159337199,1,angriest,ANGER,1,0.04,0.51
208,stim-208.mp3,13,4,3,3.069729263,0.302906572,3,happiest,HAPPY,1,0.04,0.51
209,stim-209.mp3,53,4,3,3.069729263,-0.367346987,1,angriest,ANGER,1,0.04,0.51
210,stim-210.mp3,13,4,3,3.069729263,0.302906572,3,happiest,HAPPY,1,0.04,0.51
211,stim-211.mp3,53,4,3,3.069729263,-0.367346987,1,angriest,ANGER,1,0.04,0.51
212,stim-212.mp3,13,4,3,3.069729263,0.302906572,3,happiest,HAPPY,1,0.04,0.51
213,stim-213.mp3,53,4,3,3.069729263,-0.367346987,1,angriest,ANGER,1,0.04,0.51
214,stim-214.mp3,31,4,3,3.069729263,0.245595331,3,happiest,HAPPY,1,0.04,0.51
215,stim-215.mp3,34,4,3,3.069729263,-0.365418244,1,angriest,ANGER,1,0.04,0.51
216,stim-216.mp3,35,4,3,3.069729263,-0.297260112,3,happiest,HAPPY,1,0.04,0.51
217,stim-217.mp3,13,4,3,3.069729263,0.302906572,5,most tender,TENDER,2,0.04,0.51
218,stim-218.mp3,43,4,3,3.069729263,-0.159337199,5,most tender,TENDER,2,0.04,0.51
219,stim-219.mp3,43,4,3,3.069729263,-0.159337199,5,most tender,TENDER,1,0.04,0.51
220,stim-220.mp3,53,4,3,3.069729263,-0.367346987,3,happiest,HAPPY,2,0.04,0.51
221,stim-221.mp3,34,4,3,3.069729263,-0.365418244,3,happiest,HAPPY,2,0.04,0.51
222,stim-222.mp3,34,4,3,3.069729263,-0.365418244,5,most tender,TENDER,1,0.04,0.51
223,stim-223.mp3,31,4,3,3.069729263,0.245595331,5,most tender,TENDER,1,0.04,0.51
224,stim-224.mp3,35,4,3,3.069729263,-0.297260112,3,happiest,HAPPY,2,0.04,0.51
225,stim-225.mp3,41,4,3,3.069729263,-0.483015966,5,most tender,TENDER,1,0.04,0.51
226,stim-226.mp3,43,4,3,3.069729263,-0.159337199,3,happiest,HAPPY,2,0.04,0.51
227,stim-227.mp3,45,4,3,3.069729263,1.284646549,3,happiest,HAPPY,1,0.04,0.51
228,stim-228.mp3,34,4,3,3.069729263,-0.365418244,3,happiest,HAPPY,1,0.04,0.51
229,stim-229.mp3,54,4,3,3.069729263,1.239064052,3,happiest,HAPPY,1,0.04,0.51
230,stim-230.mp3,34,4,3,3.069729263,-0.365418244,5,most tender,TENDER,2,0.04,0.51
231,stim-231.mp3,54,4,3,3.069729263,1.239064052,3,happiest,HAPPY,1,0.04,0.51
232,stim-232.mp3,41,4,3,3.069729263,-0.483015966,3,happiest,HAPPY,1,0.04,0.51
233,stim-233.mp3,43,4,3,3.069729263,-0.159337199,3,happiest,HAPPY,1,0.04,0.51
234,stim-234.mp3,14,4,3,3.069729263,-0.417502787,5,most tender,TENDER,2,0.04,0.51
235,stim-235.mp3,43,4,3,3.069729263,-0.159337199,3,happiest,HAPPY,1,0.04,0.51
236,stim-236.mp3,14,4,3,3.069729263,-0.417502787,4,saddest,SAD,1,0.04,0.51
237,stim-237.mp3,34,4,3,3.069729263,-0.365418244,5,most tender,TENDER,1,0.04,0.51
238,stim-238.mp3,14,4,3,3.069729263,-0.417502787,1,angriest,ANGER,2,0.04,0.51
239,stim-239.mp3,15,4,3,3.069729263,-0.151213163,1,angriest,ANGER,2,0.04,0.51
240,stim-240.mp3,54,4,3,3.069729263,1.239064052,1,angriest,ANGER,2,0.04,0.51
241,stim-241.mp3,35,4,3,3.069729263,-0.297260112,3,happiest,HAPPY,1,0.04,0.51
242,stim-242.mp3,45,4,3,3.069729263,1.284646549,4,saddest,SAD,1,0.04,0.51
243,stim-243.mp3,51,4,3,3.069729263,-0.27506986,5,most tender,TENDER,1,0.04,0.51
244,stim-244.mp3,53,4,3,3.069729263,-0.367346987,1,angriest,ANGER,2,0.04,0.51
245,stim-245.mp3,54,4,3,3.069729263,1.239064052,1,angriest,ANGER,2,0.04,0.51
246,stim-246.mp3,45,4,3,3.069729263,1.284646549,1,angriest,ANGER,2,0.04,0.51
247,stim-247.mp3,15,4,3,3.069729263,-0.151213163,3,happiest,HAPPY,1,0.04,0.51
248,stim-248.mp3,45,4,3,3.069729263,1.284646549,4,saddest,SAD,1,0.04,0.51
249,stim-249.mp3,51,4,3,3.069729263,-0.27506986,5,most tender,TENDER,1,0.04,0.51
250,stim-250.mp3,53,4,3,3.069729263,-0.367346987,1,angriest,ANGER,2,0.04,0.51
251,stim-251.mp3,54,4,3,3.069729263,1.239064052,1,angriest,ANGER,2,0.04,0.51
252,stim-252.mp3,54,4,3,3.069729263,1.239064052,1,angriest,ANGER,2,0.04,0.51
253,stim-253.mp3,35,1,1,3.069729263,-0.368389038,3,happiest,HAPPY,1,0.04,0.51
254,stim-254.mp3,35,1,1,3.069729263,-0.368389038,4,saddest,SAD,1,0.04,0.51
255,stim-255.mp3,53,1,1,3.069729263,-0.438688226,5,most tender,TENDER,1,0.04,0.51
256,stim-256.mp3,35,1,1,3.069729263,-0.368389038,1,angriest,ANGER,2,0.04,0.51
257,stim-257.mp3,53,1,1,3.069729263,-0.438688226,1,angriest,ANGER,2,0.04,0.51
258,stim-258.mp3,53,1,1,3.069729263,-0.438688226,1,angriest,ANGER,2,0.04,0.51
259,stim-259.mp3,53,1,1,3.069729263,-0.438688226,3,happiest,HAPPY,2,0.04,0.51
260,stim-260.mp3,35,2,1,3.069729263,-0.634038296,3,happiest,HAPPY,2,0.04,0.51
261,stim-261.mp3,35,2,1,3.069729263,-0.634038296,3,happiest,HAPPY,2,0.04,0.51
262,stim-262.mp3,35,2,1,3.069729263,-0.634038296,3,happiest,HAPPY,2,0.04,0.51
263,stim-263.mp3,53,2,1,3.069729263,-0.703896522,3,happiest,HAPPY,2,0.04,0.51
264,stim-264.mp3,53,2,1,3.069729263,-0.703896522,3,happiest,HAPPY,2,0.04,0.51
265,stim-265.mp3,53,2,1,3.069729263,-0.703896522,3,happiest,HAPPY,2,0.04,0.51
266,stim-266.mp3,52,3,1,3.069729263,0.295141775,3,happiest,HAPPY,2,0.04,0.51
267,stim-267.mp3,52,3,1,3.069729263,0.295141775,3,happiest,HAPPY,2,0.04,0.51
268,stim-268.mp3,52,3,1,3.069729263,0.295141775,1,angriest,ANGER,1,0.04,0.51
269,stim-269.mp3,25,3,1,3.069729263,0.021146675,4,saddest,SAD,1,0.04,0.51
270,stim-270.mp3,52,3,1,3.069729263,0.295141775,5,most tender,TENDER,1,0.04,0.51
271,stim-271.mp3,53,3,1,3.069729263,-0.758723765,3,happiest,HAPPY,2,0.04,0.51
272,stim-272.mp3,32,3,1,3.069729263,0.325634219,3,happiest,HAPPY,2,0.04,0.51
273,stim-273.mp3,35,3,1,3.069729263,-0.689199758,3,happiest,HAPPY,2,0.04,0.51
274,stim-274.mp3,32,3,1,3.069729263,0.325634219,1,angriest,ANGER,1,0.04,0.51
275,stim-275.mp3,35,3,1,3.069729263,-0.689199758,4,saddest,SAD,1,0.04,0.51
276,stim-276.mp3,35,3,1,3.069729263,-0.689199758,5,most tender,TENDER,1,0.04,0.51
277,stim-277.mp3,25,3,1,3.069729263,0.021146675,1,angriest,ANGER,1,0.04,0.51
278,stim-278.mp3,35,3,1,3.069729263,-0.689199758,4,saddest,SAD,1,0.04,0.51
279,stim-279.mp3,35,3,1,3.069729263,-0.689199758,5,most tender,TENDER,1,0.04,0.51
280,stim-280.mp3,35,3,1,3.069729263,-0.689199758,3,happiest,HAPPY,2,0.04,0.51
281,stim-281.mp3,52,3,1,3.069729263,0.295141775,3,happiest,HAPPY,2,0.04,0.51
282,stim-282.mp3,53,3,1,3.069729263,-0.758723765,3,happiest,HAPPY,2,0.04,0.51
283,stim-283.mp3,25,3,1,3.069729263,0.021146675,4,saddest,SAD,2,0.04,0.51
284,stim-284.mp3,35,3,1,3.069729263,-0.689199758,4,saddest,SAD,2,0.04,0.51
285,stim-285.mp3,25,3,1,3.069729263,0.021146675,4,saddest,SAD,2,0.04,0.51
286,stim-286.mp3,52,3,1,3.069729263,0.295141775,4,saddest,SAD,2,0.04,0.51
287,stim-287.mp3,53,3,1,3.069729263,-0.758723765,4,saddest,SAD,2,0.04,0.51
288,stim-288.mp3,13,4,1,3.069729263,-0.521243082,4,saddest,SAD,2,0.04,0.51
289,stim-289.mp3,13,4,1,3.069729263,-0.521243082,4,saddest,SAD,2,0.04,0.51
290,stim-290.mp3,14,4,1,3.069729263,-1.244223428,4,saddest,SAD,2,0.04,0.51
291,stim-291.mp3,31,4,1,3.069729263,-0.580778708,4,saddest,SAD,2,0.04,0.51
292,stim-292.mp3,51,4,1,3.069729263,-1.102256709,4,saddest,SAD,2,0.04,0.51
293,stim-293.mp3,31,4,1,3.069729263,-0.580778708,4,saddest,SAD,2,0.04,0.51
294,stim-294.mp3,41,4,1,3.069729263,-1.310267301,4,saddest,SAD,2,0.04,0.51
295,stim-295.mp3,51,4,1,3.069729263,-1.102256709,4,saddest,SAD,2,0.04,0.51
296,stim-296.mp3,13,4,1,3.069729263,-0.521243082,4,saddest,SAD,2,0.04,0.51
297,stim-297.mp3,14,4,1,3.069729263,-1.244223428,4,saddest,SAD,2,0.04,0.51
298,stim-298.mp3,35,4,1,3.069729263,-1.121629966,4,saddest,SAD,2,0.04,0.51
299,stim-299.mp3,31,4,1,3.069729263,-0.580778708,4,saddest,SAD,2,0.04,0.51
300,stim-300.mp3,35,4,1,3.069729263,-1.121629966,4,saddest,SAD,2,0.04,0.51
301,stim-301.mp3,13,4,1,3.069729263,-0.521243082,1,angriest,ANGER,1,0.04,0.51
302,stim-302.mp3,43,4,1,3.069729263,-0.98562558,3,happiest,HAPPY,1,0.04,0.51
303,stim-303.mp3,53,4,1,3.069729263,-1.193552678,5,most tender,TENDER,1,0.04,0.51
304,stim-304.mp3,35,4,1,3.069729263,-1.121629966,1,angriest,ANGER,1,0.04,0.51
305,stim-305.mp3,13,4,1,3.069729263,-0.521243082,3,happiest,HAPPY,1,0.04,0.51
306,stim-306.mp3,43,4,1,3.069729263,-0.98562558,5,most tender,TENDER,1,0.04,0.51
307,stim-307.mp3,53,4,1,3.069729263,-1.193552678,1,angriest,ANGER,1,0.04,0.51
308,stim-308.mp3,35,4,1,3.069729263,-1.121629966,3,happiest,HAPPY,1,0.04,0.51
309,stim-309.mp3,31,4,1,3.069729263,-0.580778708,4,saddest,SAD,1,0.04,0.51
310,stim-310.mp3,43,4,1,3.069729263,-0.98562558,5,most tender,TENDER,2,0.04,0.51
311,stim-311.mp3,41,4,1,3.069729263,-1.310267301,5,most tender,TENDER,2,0.04,0.51
312,stim-312.mp3,43,4,1,3.069729263,-0.98562558,5,most tender,TENDER,2,0.04,0.51
313,stim-313.mp3,43,4,1,3.069729263,-0.98562558,5,most tender,TENDER,2,0.04,0.51
314,stim-314.mp3,14,4,1,3.069729263,-1.244223428,5,most tender,TENDER,2,0.04,0.51
315,stim-315.mp3,43,4,1,3.069729263,-0.98562558,5,most tender,TENDER,2,0.04,0.51
316,stim-316.mp3,35,4,1,3.069729263,-1.121629966,1,angriest,ANGER,1,0.04,0.51
317,stim-317.mp3,15,4,1,3.069729263,-0.9780459,3,happiest,HAPPY,1,0.04,0.51
318,stim-318.mp3,35,4,1,3.069729263,-1.121629966,4,saddest,SAD,1,0.04,0.51
319,stim-319.mp3,51,4,1,3.069729263,-1.102256709,1,angriest,ANGER,1,0.04,0.51
320,stim-320.mp3,53,4,1,3.069729263,-1.193552678,3,happiest,HAPPY,1,0.04,0.51
321,stim-321.mp3,15,4,1,3.069729263,-0.9780459,4,saddest,SAD,1,0.04,0.51
322,stim-322.mp3,15,4,1,3.069729263,-0.9780459,5,most tender,TENDER,2,0.04,0.51
323,stim-323.mp3,35,4,1,3.069729263,-1.121629966,5,most tender,TENDER,2,0.04,0.51
324,stim-324.mp3,51,4,1,3.069729263,-1.102256709,5,most tender,TENDER,2,0.04,0.51
325,stim-325.mp3,53,4,1,3.069729263,-1.193552678,5,most tender,TENDER,2,0.04,0.51
326,stim-326.mp3,35,1,2,3.069729263,-0.496817238,5,most tender,TENDER,2,0.04,0.51
327,stim-327.mp3,35,1,2,3.069729263,-0.496817238,5,most tender,TENDER,2,0.04,0.51
328,stim-328.mp3,35,1,2,3.069729263,-0.496817238,1,angriest,ANGER,1,0.04,0.51
329,stim-329.mp3,35,1,2,3.069729263,-0.496817238,3,happiest,HAPPY,1,0.04,0.51
330,stim-330.mp3,35,1,2,3.069729263,-0.496817238,4,saddest,SAD,1,0.04,0.51
331,stim-331.mp3,53,1,2,3.069729263,-0.567422195,3,happiest,HAPPY,1,0.04,0.51
332,stim-332.mp3,35,1,2,3.069729263,-0.496817238,4,saddest,SAD,1,0.04,0.51
333,stim-333.mp3,35,1,2,3.069729263,-0.496817238,1,angriest,ANGER,2,0.04,0.51
334,stim-334.mp3,15,2,2,3.069729263,-0.617583215,1,angriest,ANGER,2,0.04,0.51
335,stim-335.mp3,15,2,2,3.069729263,-0.617583215,1,angriest,ANGER,2,0.04,0.51
336,stim-336.mp3,15,2,2,3.069729263,-0.617583215,1,angriest,ANGER,2,0.04,0.51
337,stim-337.mp3,15,2,2,3.069729263,-0.617583215,3,happiest,HAPPY,1,0.04,0.51
338,stim-338.mp3,51,2,2,3.069729263,-0.739901132,4,saddest,SAD,1,0.04,0.51
339,stim-339.mp3,53,2,2,3.069729263,-0.834025989,1,angriest,ANGER,2,0.04,0.51
340,stim-340.mp3,35,2,2,3.069729263,-0.763749292,1,angriest,ANGER,2,0.04,0.51
341,stim-341.mp3,53,2,2,3.069729263,-0.834025989,1,angriest,ANGER,2,0.04,0.51
342,stim-342.mp3,53,2,2,3.069729263,-0.834025989,1,angriest,ANGER,2,0.04,0.51
343,stim-343.mp3,15,2,2,3.069729263,-0.617583215,1,angriest,ANGER,2,0.04,0.51
344,stim-344.mp3,15,2,2,3.069729263,-0.617583215,1,angriest,ANGER,2,0.04,0.51
345,stim-345.mp3,15,2,2,3.069729263,-0.617583215,1,angriest,ANGER,2,0.04,0.51
346,stim-346.mp3,15,2,2,3.069729263,-0.617583215,1,angriest,ANGER,2,0.04,0.51
347,stim-347.mp3,15,2,2,3.069729263,-0.617583215,3,happiest,HAPPY,1,0.04,0.51
348,stim-348.mp3,15,2,2,3.069729263,-0.617583215,4,saddest,SAD,1,0.04,0.51
349,stim-349.mp3,35,2,2,3.069729263,-0.763749292,3,happiest,HAPPY,1,0.04,0.51
350,stim-350.mp3,53,2,2,3.069729263,-0.834025989,4,saddest,SAD,1,0.04,0.51
351,stim-351.mp3,53,3,2,3.069729263,-0.888123693,1,angriest,ANGER,1,0.04,0.51
352,stim-352.mp3,35,3,2,3.069729263,-0.818232436,4,saddest,SAD,1,0.04,0.51
353,stim-353.mp3,35,3,2,3.069729263,-0.818232436,1,angriest,ANGER,1,0.04,0.51
354,stim-354.mp3,35,3,2,3.069729263,-0.818232436,4,saddest,SAD,1,0.04,0.51
355,stim-355.mp3,35,3,2,3.069729263,-0.818232436,3,happiest,HAPPY,2,0.04,0.51
356,stim-356.mp3,35,3,2,3.069729263,-0.818232436,3,happiest,HAPPY,2,0.04,0.51
357,stim-357.mp3,53,3,2,3.069729263,-0.888123693,1,angriest,ANGER,1,0.04,0.51
358,stim-358.mp3,35,3,2,3.069729263,-0.818232436,4,saddest,SAD,1,0.04,0.51
359,stim-359.mp3,35,3,2,3.069729263,-0.818232436,1,angriest,ANGER,1,0.04,0.51
360,stim-360.mp3,15,4,2,3.069729263,-1.107003792,4,saddest,SAD,1,0.04,0.51
361,stim-361.mp3,51,4,2,3.069729263,-1.231052017,3,happiest,HAPPY,2,0.04,0.51
362,stim-362.mp3,13,4,2,3.069729263,-0.650557585,3,happiest,HAPPY,2,0.04,0.51
363,stim-363.mp3,14,4,2,3.069729263,-1.371927233,3,happiest,HAPPY,2,0.04,0.51
364,stim-364.mp3,15,4,2,3.069729263,-1.107003792,3,happiest,HAPPY,2,0.04,0.51
365,stim-365.mp3,31,4,2,3.069729263,-0.709798427,3,happiest,HAPPY,2,0.04,0.51
366,stim-366.mp3,41,4,2,3.069729263,-1.437990925,3,happiest,HAPPY,2,0.04,0.51
367,stim-367.mp3,14,4,2,3.069729263,-1.371927233,3,happiest,HAPPY,2,0.04,0.51
368,stim-368.mp3,31,4,2,3.069729263,-0.709798427,3,happiest,HAPPY,2,0.04,0.51
369,stim-369.mp3,14,4,2,3.069729263,-1.371927233,1,angriest,ANGER,1,0.04,0.51
370,stim-370.mp3,15,4,2,3.069729263,-1.107003792,4,saddest,SAD,1,0.04,0.51
371,stim-371.mp3,35,4,2,3.069729263,-1.248921547,4,saddest,SAD,2,0.04,0.51
372,stim-372.mp3,35,4,2,3.069729263,-1.248921547,4,saddest,SAD,2,0.04,0.51
373,stim-373.mp3,31,4,2,3.069729263,-0.709798427,4,saddest,SAD,2,0.04,0.51
374,stim-374.mp3,35,4,2,3.069729263,-1.248921547,4,saddest,SAD,2,0.04,0.51
375,stim-375.mp3,53,4,2,3.069729263,-1.321242138,1,angriest,ANGER,1,0.04,0.51
376,stim-376.mp3,31,4,2,3.069729263,-0.709798427,3,happiest,HAPPY,1,0.04,0.51
377,stim-377.mp3,34,4,2,3.069729263,-1.318492136,4,saddest,SAD,2,0.04,0.51
378,stim-378.mp3,35,4,2,3.069729263,-1.248921547,4,saddest,SAD,2,0.04,0.51
379,stim-379.mp3,43,4,2,3.069729263,-1.113450994,4,saddest,SAD,2,0.04,0.51
380,stim-380.mp3,53,4,2,3.069729263,-1.321242138,4,saddest,SAD,2,0.04,0.51
381,stim-381.mp3,41,4,2,3.069729263,-1.437990925,1,angriest,ANGER,1,0.04,0.51
382,stim-382.mp3,43,4,2,3.069729263,-1.113450994,3,happiest,HAPPY,1,0.04,0.51
383,stim-383.mp3,41,4,2,3.069729263,-1.437990925,1,angriest,ANGER,1,0.04,0.51
384,stim-384.mp3,43,4,2,3.069729263,-1.113450994,3,happiest,HAPPY,1,0.04,0.51
385,stim-385.mp3,45,4,2,3.069729263,0.337455547,4,saddest,SAD,2,0.04,0.51
386,stim-386.mp3,43,4,2,3.069729263,-1.113450994,4,saddest,SAD,2,0.04,0.51
387,stim-387.mp3,45,4,2,3.069729263,0.337455547,4,saddest,SAD,2,0.04,0.51
388,stim-388.mp3,41,4,2,3.069729263,-1.437990925,4,saddest,SAD,2,0.04,0.51
389,stim-389.mp3,45,4,2,3.069729263,0.337455547,1,angriest,ANGER,1,0.04,0.51
390,stim-390.mp3,41,4,2,3.069729263,-1.437990925,3,happiest,HAPPY,1,0.04,0.51
391,stim-391.mp3,45,4,2,3.069729263,0.337455547,1,angriest,ANGER,2,0.04,0.51
392,stim-392.mp3,34,4,2,3.069729263,-1.318492136,1,angriest,ANGER,2,0.04,0.51
393,stim-393.mp3,54,4,2,3.069729263,0.296516218,1,angriest,ANGER,2,0.04,0.51
394,stim-394.mp3,15,4,2,3.069729263,-1.107003792,1,angriest,ANGER,2,0.04,0.51
395,stim-395.mp3,35,4,2,3.069729263,-1.248921547,1,angriest,ANGER,2,0.04,0.51
396,stim-396.mp3,53,4,2,3.069729263,-1.321242138,1,angriest,ANGER,2,0.04,0.51
397,stim-397.mp3,54,4,2,3.069729263,0.296516218,4,saddest,SAD,1,0.04,0.51
398,stim-398.mp3,51,4,2,3.069729263,-1.231052017,5,most tender,TENDER,1,0.04,0.51
399,stim-399.mp3,53,4,2,3.069729263,-1.321242138,4,saddest,SAD,1,0.04,0.51
400,stim-400.mp3,35,4,2,3.069729263,-1.248921547,5,most tender,TENDER,1,0.04,0.51
401,stim-401.mp3,45,4,2,3.069729263,0.337455547,1,angriest,ANGER,2,0.04,0.51
402,stim-402.mp3,45,4,2,3.069729263,0.337455547,1,angriest,ANGER,2,0.04,0.51
403,stim-403.mp3,54,4,2,3.069729263,0.296516218,4,saddest,SAD,1,0.04,0.51
404,stim-404.mp3,15,4,2,3.069729263,-1.107003792,5,most tender,TENDER,1,0.04,0.51
405,stim-405.mp3,35,4,2,3.069729263,-1.248921547,4,saddest,SAD,1,0.04,0.51
406,stim-406.mp3,45,4,2,3.069729263,0.337455547,5,most tender,TENDER,1,0.04,0.51
407,stim-407.mp3,41,2,3,3.069729263,0.009672842,1,angriest,ANGER,2,0.04,0.51
408,stim-408.mp3,14,2,3,3.069729263,0.075277593,1,angriest,ANGER,2,0.04,0.51
409,stim-409.mp3,41,2,3,3.069729263,0.009672842,1,angriest,ANGER,2,0.04,0.51
410,stim-410.mp3,14,2,3,3.069729263,0.075277593,1,angriest,ANGER,2,0.04,0.51
411,stim-411.mp3,14,2,3,3.069729263,0.075277593,1,angriest,ANGER,1,0.04,0.51
412,stim-412.mp3,31,2,3,3.069729263,0.737442931,5,most tender,TENDER,1,0.04,0.51
413,stim-413.mp3,41,2,3,3.069729263,0.009672842,4,saddest,SAD,2,0.04,0.51
414,stim-414.mp3,43,2,3,3.069729263,0.331862648,4,saddest,SAD,2,0.04,0.51
415,stim-415.mp3,31,2,3,3.069729263,0.737442931,1,angriest,ANGER,1,0.04,0.51
416,stim-416.mp3,34,2,3,3.069729263,0.125413863,5,most tender,TENDER,1,0.04,0.51
417,stim-417.mp3,34,2,3,3.069729263,0.125413863,4,saddest,SAD,2,0.04,0.51
418,stim-418.mp3,34,2,3,3.069729263,0.125413863,4,saddest,SAD,2,0.04,0.51
419,stim-419.mp3,43,2,3,3.069729263,0.331862648,1,angriest,ANGER,1,0.04,0.51
420,stim-420.mp3,43,2,3,3.069729263,0.331862648,5,most tender,TENDER,1,0.04,0.51
421,stim-421.mp3,34,2,3,3.069729263,0.125413863,4,saddest,SAD,2,0.04,0.51
422,stim-422.mp3,41,2,3,3.069729263,0.009672842,4,saddest,SAD,2,0.04,0.51
423,stim-423.mp3,43,2,3,3.069729263,0.331862648,1,angriest,ANGER,1,0.04,0.51
424,stim-424.mp3,14,2,3,3.069729263,0.075277593,5,most tender,TENDER,1,0.04,0.51
425,stim-425.mp3,14,2,3,3.069729263,0.075277593,4,saddest,SAD,2,0.04,0.51
426,stim-426.mp3,41,2,3,3.069729263,0.009672842,4,saddest,SAD,2,0.04,0.51
427,stim-427.mp3,43,2,3,3.069729263,0.331862648,1,angriest,ANGER,1,0.04,0.51
428,stim-428.mp3,41,2,3,3.069729263,0.009672842,5,most tender,TENDER,1,0.04,0.51
429,stim-429.mp3,43,2,3,3.069729263,0.331862648,4,saddest,SAD,2,0.04,0.51
430,stim-430.mp3,14,2,3,3.069729263,0.075277593,4,saddest,SAD,2,0.04,0.51
431,stim-431.mp3,34,2,3,3.069729263,0.125413863,5,most tender,TENDER,2,0.04,0.51
432,stim-432.mp3,14,3,3,3.069729263,0.020345125,5,most tender,TENDER,2,0.04,0.51
433,stim-433.mp3,15,3,3,3.069729263,0.286283632,5,most tender,TENDER,2,0.04,0.51
434,stim-434.mp3,51,3,3,3.069729263,0.161403455,5,most tender,TENDER,2,0.04,0.51
435,stim-435.mp3,41,3,3,3.069729263,-0.045169494,5,most tender,TENDER,2,0.04,0.51
436,stim-436.mp3,15,3,3,3.069729263,0.286283632,5,most tender,TENDER,2,0.04,0.51
437,stim-437.mp3,41,3,3,3.069729263,-0.045169494,5,most tender,TENDER,2,0.04,0.51
438,stim-438.mp3,51,3,3,3.069729263,0.161403455,5,most tender,TENDER,2,0.04,0.51
439,stim-439.mp3,41,3,3,3.069729263,-0.045169494,5,most tender,TENDER,2,0.04,0.51
440,stim-440.mp3,54,3,3,3.069729263,1.671637415,5,most tender,TENDER,2,0.04,0.51
441,stim-441.mp3,45,3,3,3.069729263,1.716526204,5,most tender,TENDER,2,0.04,0.51
442,stim-442.mp3,54,3,3,3.069729263,1.671637415,5,most tender,TENDER,2,0.04,0.51
443,stim-443.mp3,41,3,3,3.069729263,-0.045169494,1,angriest,ANGER,1,0.04,0.51
444,stim-444.mp3,14,3,3,3.069729263,0.020345125,4,saddest,SAD,1,0.04,0.51
445,stim-445.mp3,41,3,3,3.069729263,-0.045169494,1,angriest,ANGER,1,0.04,0.51
446,stim-446.mp3,45,3,3,3.069729263,1.716526204,4,saddest,SAD,1,0.04,0.51
447,stim-447.mp3,54,3,3,3.069729263,1.671637415,1,angriest,ANGER,1,0.04,0.51
448,stim-448.mp3,41,3,3,3.069729263,-0.045169494,4,saddest,SAD,1,0.04,0.51
449,stim-449.mp3,45,3,3,3.069729263,1.716526204,1,angriest,ANGER,1,0.04,0.51
450,stim-450.mp3,51,3,3,3.069729263,0.161403455,4,saddest,SAD,1,0.04,0.51
451,stim-451.mp3,51,3,3,3.069729263,0.161403455,1,angriest,ANGER,2,0.04,0.51
452,stim-452.mp3,51,3,3,3.069729263,0.161403455,1,angriest,ANGER,2,0.04,0.51
453,stim-453.mp3,54,3,3,3.069729263,1.671637415,1,angriest,ANGER,2,0.04,0.51
454,stim-454.mp3,51,3,3,3.069729263,0.161403455,3,happiest,HAPPY,1,0.04,0.51
455,stim-455.mp3,54,3,3,3.069729263,1.671637415,4,saddest,SAD,1,0.04,0.51
456,stim-456.mp3,51,3,3,3.069729263,0.161403455,5,most tender,TENDER,1,0.04,0.51
457,stim-457.mp3,54,3,3,3.069729263,1.671637415,1,angriest,ANGER,2,0.04,0.51
458,stim-458.mp3,51,3,3,3.069729263,0.161403455,1,angriest,ANGER,2,0.04,0.51
459,stim-459.mp3,15,3,3,3.069729263,0.286283632,1,angriest,ANGER,2,0.04,0.51
460,stim-460.mp3,45,3,3,3.069729263,1.716526204,1,angriest,ANGER,2,0.04,0.51
461,stim-461.mp3,15,3,3,3.069729263,0.286283632,1,angriest,ANGER,2,0.04,0.51
462,stim-462.mp3,45,3,3,3.069729263,1.716526204,1,angriest,ANGER,2,0.04,0.51
463,stim-463.mp3,15,3,3,3.069729263,0.286283632,1,angriest,ANGER,2,0.04,0.51
464,stim-464.mp3,45,3,3,3.069729263,1.716526204,1,angriest,ANGER,2,0.04,0.51
465,stim-465.mp3,15,3,3,3.069729263,0.286283632,1,angriest,ANGER,2,0.04,0.51
466,stim-466.mp3,14,4,3,3.069729263,-0.417502787,1,angriest,ANGER,2,0.04,0.51
467,stim-467.mp3,13,4,3,3.069729263,0.302906572,1,angriest,ANGER,2,0.04,0.51
468,stim-468.mp3,14,4,3,3.069729263,-0.417502787,1,angriest,ANGER,2,0.04,0.51
469,stim-469.mp3,15,4,3,3.069729263,-0.151213163,1,angriest,ANGER,2,0.04,0.51
470,stim-470.mp3,13,4,3,3.069729263,0.302906572,1,angriest,ANGER,2,0.04,0.51
471,stim-471.mp3,13,4,3,3.069729263,0.302906572,1,angriest,ANGER,2,0.04,0.51
472,stim-472.mp3,15,4,3,3.069729263,-0.151213163,3,happiest,HAPPY,1,0.04,0.51
473,stim-473.mp3,13,4,3,3.069729263,0.302906572,4,saddest,SAD,1,0.04,0.51
474,stim-474.mp3,14,4,3,3.069729263,-0.417502787,5,most tender,TENDER,1,0.04,0.51
475,stim-475.mp3,13,4,3,3.069729263,0.302906572,3,happiest,HAPPY,1,0.04,0.51
476,stim-476.mp3,15,4,3,3.069729263,-0.151213163,4,saddest,SAD,1,0.04,0.51
477,stim-477.mp3,31,4,3,3.069729263,0.245595331,5,most tender,TENDER,1,0.04,0.51
478,stim-478.mp3,31,4,3,3.069729263,0.245595331,3,happiest,HAPPY,1,0.04,0.51
479,stim-479.mp3,41,4,3,3.069729263,-0.483015966,4,saddest,SAD,1,0.04,0.51
480,stim-480.mp3,41,4,3,3.069729263,-0.483015966,5,most tender,TENDER,1,0.04,0.51
481,stim-481.mp3,13,4,3,3.069729263,0.302906572,1,angriest,ANGER,1,0.04,0.51
482,stim-482.mp3,53,4,3,3.069729263,-0.367346987,4,saddest,SAD,1,0.04,0.51
483,stim-483.mp3,43,4,3,3.069729263,-0.159337199,5,most tender,TENDER,1,0.04,0.51
484,stim-484.mp3,43,4,3,3.069729263,-0.159337199,1,angriest,ANGER,1,0.04,0.51
485,stim-485.mp3,43,4,3,3.069729263,-0.159337199,4,saddest,SAD,1,0.04,0.51
486,stim-486.mp3,53,4,3,3.069729263,-0.367346987,5,most tender,TENDER,1,0.04,0.51
487,stim-487.mp3,13,4,3,3.069729263,0.302906572,1,angriest,ANGER,1,0.04,0.51
488,stim-488.mp3,31,4,3,3.069729263,0.245595331,4,saddest,SAD,1,0.04,0.51
489,stim-489.mp3,31,4,3,3.069729263,0.245595331,5,most tender,TENDER,1,0.04,0.51
490,stim-490.mp3,35,4,3,3.069729263,-0.297260112,1,angriest,ANGER,1,0.04,0.51
491,stim-491.mp3,34,4,3,3.069729263,-0.365418244,4,saddest,SAD,1,0.04,0.51
492,stim-492.mp3,41,4,3,3.069729263,-0.483015966,5,most tender,TENDER,1,0.04,0.51
493,stim-493.mp3,43,4,3,3.069729263,-0.159337199,3,happiest,HAPPY,2,0.04,0.51
494,stim-494.mp3,45,4,3,3.069729263,1.284646549,3,happiest,HAPPY,2,0.04,0.51
495,stim-495.mp3,45,4,3,3.069729263,1.284646549,3,happiest,HAPPY,2,0.04,0.51
496,stim-496.mp3,41,4,3,3.069729263,-0.483015966,1,angriest,ANGER,1,0.04,0.51
497,stim-497.mp3,43,4,3,3.069729263,-0.159337199,4,saddest,SAD,1,0.04,0.51
498,stim-498.mp3,14,4,3,3.069729263,-0.417502787,5,most tender,TENDER,1,0.04,0.51
499,stim-499.mp3,14,4,3,3.069729263,-0.417502787,1,angriest,ANGER,1,0.04,0.51
500,stim-500.mp3,45,4,3,3.069729263,1.284646549,4,saddest,SAD,1,0.04,0.51
501,stim-501.mp3,34,4,3,3.069729263,-0.365418244,5,most tender,TENDER,1,0.04,0.51
502,stim-502.mp3,54,4,3,3.069729263,1.239064052,3,happiest,HAPPY,2,0.04,0.51
503,stim-503.mp3,41,4,3,3.069729263,-0.483015966,3,happiest,HAPPY,2,0.04,0.51
504,stim-504.mp3,45,4,3,3.069729263,1.284646549,3,happiest,HAPPY,2,0.04,0.51
505,stim-505.mp3,54,4,3,3.069729263,1.239064052,3,happiest,HAPPY,2,0.04,0.51
506,stim-506.mp3,34,4,3,3.069729263,-0.365418244,3,happiest,HAPPY,2,0.04,0.51
507,stim-507.mp3,54,4,3,3.069729263,1.239064052,3,happiest,HAPPY,2,0.04,0.51
508,stim-508.mp3,35,4,3,3.069729263,-0.297260112,3,happiest,HAPPY,2,0.04,0.51
509,stim-509.mp3,45,4,3,3.069729263,1.284646549,3,happiest,HAPPY,2,0.04,0.51
510,stim-510.mp3,51,4,3,3.069729263,-0.27506986,3,happiest,HAPPY,2,0.04,0.51
511,stim-511.mp3,53,4,3,3.069729263,-0.367346987,4,saddest,SAD,2,0.04,0.51
512,stim-512.mp3,51,4,3,3.069729263,-0.27506986,4,saddest,SAD,2,0.04,0.51
513,stim-513.mp3,53,4,3,3.069729263,-0.367346987,4,saddest,SAD,2,0.04,0.51
514,stim-514.mp3,54,4,3,3.069729263,1.239064052,4,saddest,SAD,2,0.04,0.51
515,stim-515.mp3,15,4,3,3.069729263,-0.151213163,4,saddest,SAD,2,0.04,0.51
516,stim-516.mp3,35,4,3,3.069729263,-0.297260112,4,saddest,SAD,2,0.04,0.51
517,stim-517.mp3,45,4,3,3.069729263,1.284646549,4,saddest,SAD,2,0.04,0.51
518,stim-518.mp3,15,4,3,3.069729263,-0.151213163,4,saddest,SAD,2,0.04,0.51
519,stim-519.mp3,15,4,3,3.069729263,-0.151213163,4,saddest,SAD,2,0.04,0.51
520,stim-520.mp3,35,4,3,3.069729263,-0.297260112,1,angriest,ANGER,1,0.04,0.51
521,stim-521.mp3,35,4,3,3.069729263,-0.297260112,3,happiest,HAPPY,1,0.04,0.51
522,stim-522.mp3,51,4,3,3.069729263,-0.27506986,5,most tender,TENDER,1,0.04,0.51
523,stim-523.mp3,53,4,3,3.069729263,-0.367346987,1,angriest,ANGER,1,0.04,0.51